Key,ID,Type,Layer,X,Y
0,0,arc,2,0,0,697.0,305.0,305.0,580.0,444.0,400.5,cyan,<Surface(750x750x32 SW)>,"(697.0, 305.0, 305.0, 580.0)","(687.0, 295.0, 20, 20)","(295.0, 570.0, 20, 20)","(434.0, 390.5, 20, 20)",True,False,1.6316051259684632,2.7334922336477123,2.2318563606198873
1,1,rectangle,1,438.75,344.25,360.5,256.5,green,<Surface(750x750x32 SW)>,"(258.5, 216.0, 360.5, 256.5)","(619.0, 196.0, 20, 20)"
2,2,ellipse,3,309.0,266.0,147,114,purple,<Surface(750x750x32 SW)>,"(235.5, 209.0, 147, 114)","(382.5, 189.0, 20, 20)"
